{
    "swar": 301.49230194091797,
    "ulric": 303.34222543,
    "sai": 250.434657
}